id;payee_id;email;first_name;last_name;telephone
1;37454;IdqjNoTU3xIY8FA8EqrA6yLZFWCg3lvMOKF6dnw;Lauryn;Crist;100-483-6176 x009
2;72199;V7ZoQ_McDVIoJJ;Zachary;Deckow;365-040-2563 x1029
3;36636;S9LFnain0DIi8iIivEaLUAVvE9dDnFGuZ8MS;Geovanni;Langworth;540.866.1400 x99958
4;38541;erjCupjKoxOSZnylHZtyP.78Ix9Loi2ODoa12gqguxfwv6SnRW2UK_bINH7r9SbgKiQekJu;Dayne;Kessler;(164) 801-9321 x6734
5;52006;h@ArblcvRwufkx3H3RQGezmhBPZpuPnm9Jsi-5.NvebfFFNV_320eq5xIPFpyc;Wade;Spinka;493.895.7930 x5150
6;96117;tyY_614pZbfmElUaff4TuOZp@XV@SglgFo5BOt32XQTMYPtt28owgIhC0E0zbY;Rhoda;McGlynn;926.521.2810
7;1563;GvPCY-Zyle1GrqFHPOMHZ6w2XgCYEaES13iiOXPelaDh@mmYBNoA8kC8Xl_Uy4Lu;Eldora;Abshire;817-777-7609
8;35846;C@KuPcfNm5tDaSDJ0Ii_5DSCG-@qVKVYTDXwp9-mrZg1@WhfBMl@dYm6-HdDlqSWP2W@AD5x0VJwmoK5I.ZZIj8uOj.eEd_1QG3M;Isobel;Harber;(033) 636-7562
9;88721;RxMcGzOd0q.Q68zmlWWBKLVCQmTpR1kHn;Meta;Stanton;752.724.0574 x1041
10;20171;JHZssGNAjCqjcO0r_.0t5v_Vhdi5-rEGG_pyQY2rXuTdO2SNn8r9.@MbU940U;Kelton;Lang;(912) 645-7229 x0526
